1000,975,950,925,900,875,850,825,800,775,750,725,700,675,650,625,600,575,550,525,500,475,450,425,400,375,350,325,300,275,250,225,200,175,150,125,100
0.27227592,0.2828865,0.31567574,0.2716484,0.2402668,0.22402763,0.11722946,-0.45478058,-1.7131958,-3.1306686,-3.2334614,-2.1658173,-1.1866264,-0.6628895,-0.046283722,0.6934738,1.1810417,1.0193024,0.2777748,-0.09855652,-0.14716339,0.19069672,0.45706177,0.8251419,1.4081459,2.6654663,4.7657776,5.657486,5.061508,5.2530365,7.655754,11.049225,11.96154,10.229275,6.296467,7.984688,7.0152454
1.8991718,1.9386139,1.9360142,1.9870491,2.0808487,2.005247,1.9961052,1.9431953,2.0154877,2.4615917,3.7316875,5.163349,6.1863556,6.8473186,7.1603584,7.0770683,6.581238,5.920395,5.4312096,5.5108833,5.844696,6.207329,6.443264,6.930496,8.003208,10.622997,13.846176,16.478394,18.235748,18.571075,16.335941,14.474346,10.674263,4.364437,-1.0421715,-1.1795311,-1.2544098
2.18882,2.2544155,2.2271595,2.2968864,2.425827,2.406887,2.2912903,1.934948,1.5070896,0.98810196,0.19321632,-0.55833435,-0.8512783,-0.84650993,-1.2691269,-2.2472858,-3.4450417,-4.5056477,-5.149992,-5.0536194,-4.613949,-3.9000359,-3.567501,-3.7539444,-4.2666435,-5.043457,-6.1627045,-7.298813,-7.528427,-5.847515,-2.2570724,0.23936844,0.1918602,1.6588478,-0.496418,-4.620476,0.14716816
2.8915157,2.9010754,2.925579,2.987856,3.3390903,3.5611782,3.444622,3.2361622,3.183689,3.1231022,3.4519062,4.088583,4.9562855,5.688093,6.2312584,6.605974,7.1210327,7.8504906,9.1221695,10.494919,11.89286,13.943279,15.698116,16.694775,15.507385,14.58004,15.160793,16.633263,17.666828,17.636662,17.106464,15.162285,11.987228,12.970751,6.499901,1.538969,5.5818386
1.9544106,1.9625835,1.9669037,2.0784473,2.5368748,2.9085636,3.2374249,3.7715626,4.51787,5.266514,5.8497486,6.104492,6.0848637,5.892374,5.5288124,4.738083,3.5973625,2.6544228,2.501831,3.20644,4.4292107,4.3782883,4.182064,4.0491333,3.8003197,3.8979874,4.7180023,6.242241,7.5207443,8.15469,6.6093445,6.325863,7.014641,5.82695,6.858206,10.596481,9.782396
-2.3258247,-2.2952652,-2.315487,-2.5822182,-3.295374,-3.9221268,-4.472563,-4.622265,-4.732025,-5.015398,-5.502304,-6.212618,-7.643799,-9.760782,-13.153381,-17.264704,-21.163208,-24.905918,-28.449646,-31.113716,-33.135902,-34.187214,-35.09973,-36.190414,-37.950836,-40.02772,-41.709885,-42.391804,-42.551144,-43.14663,-43.207237,-34.768215,-29.479076,-24.044132,-14.664726,-8.580883,-3.889843
2.4054813,2.414112,2.3952885,2.3870144,2.7678776,3.1044254,3.2893524,3.4531841,3.5935478,3.8484287,3.9563293,3.8095112,3.115528,2.1034355,0.97133636,0.010196686,-0.19684982,0.14365768,1.2404919,2.6629906,4.185753,5.1193123,5.298458,4.801304,4.088913,3.355259,2.9599419,3.080822,3.4704704,4.3265495,4.4253483,2.2100449,4.257099,7.1001472,8.349047,3.585289,4.038604
0.8136406,0.8484936,0.8299217,0.84519386,0.9613724,0.8592968,0.8936901,1.1260834,1.6885281,2.4976997,3.226612,3.831833,4.3961735,5.0034122,5.825203,6.729931,7.824192,8.672817,9.248024,9.496796,9.686081,9.841812,9.950722,10.192173,10.472969,10.55471,10.437611,10.260601,10.031578,9.8601,8.8286915,7.219158,7.152338,6.7106285,6.349601,7.7829466,10.2596
2.169508,2.1721897,2.1733894,2.291399,2.4699535,2.4233418,2.0090122,1.3804417,0.3820877,-0.81567764,-2.2263203,-3.6517677,-4.692795,-4.95389,-4.100731,-2.1298485,-0.114162445,1.8854752,3.7499313,5.474869,6.960888,7.800789,8.239677,8.609684,9.558197,10.568005,11.079529,9.723877,7.4720764,6.46727,5.4404907,3.4795609,3.2493553,2.4877472,2.9264145,2.2616692,0.3113289
1.6714725,1.6404762,1.6208344,1.7310066,2.1533356,2.3031998,2.1955814,2.10044,1.9561605,1.8605652,1.6155415,1.300703,0.47916603,-0.68572235,-1.5735645,-1.7087994,-1.5860062,-1.3667564,-1.295084,-1.190321,-1.095583,-0.5127926,0.16802216,0.8401756,1.4346962,1.5816269,1.0350876,0.3581276,-0.19582748,-1.3225212,-2.5767937,-2.4486122,1.9490662,3.5526714,3.4996376,1.3110371,-0.40088463
-3.0704498,-3.069212,-3.027628,-3.1930141,-4.1443405,-5.2231445,-5.894184,-6.21739,-6.1882744,-5.936764,-5.4671726,-5.0344086,-4.69182,-4.636692,-4.7811356,-5.1057854,-5.910452,-6.998062,-8.217915,-9.417257,-10.695282,-11.903221,-13.0915985,-14.202816,-14.858608,-15.1368065,-15.578308,-16.190205,-16.415874,-17.486996,-18.753525,-17.523834,-11.925184,-9.156326,-6.5081234,-5.4445057,-4.641903
0.82523537,0.8597107,0.8476372,0.82308006,1.2278442,1.3495235,1.2904282,1.0957432,1.0119381,1.0403061,1.2289333,1.471817,1.7257881,1.7533836,1.4562912,0.7839279,0.13955307,-0.5246849,-0.92040443,-1.4196205,-1.9058323,-2.0940094,-2.0546913,-1.8343658,-1.5966301,-1.5331917,-1.6219826,-2.2420425,-3.595108,-3.674427,-1.8680954,-0.09134674,-2.631054,-3.5848846,-3.4115448,-3.555687,-3.055664
-4.801861,-4.766453,-4.7802086,-4.9016705,-5.5898647,-6.500351,-6.7306156,-6.8519707,-6.757822,-6.326523,-5.661627,-5.0154552,-4.3512,-3.9031906,-3.5986118,-3.9289932,-4.997616,-6.676819,-9.006355,-11.372129,-13.834681,-16.399706,-18.87955,-21.092247,-23.732391,-27.454033,-31.32386,-34.123672,-35.98632,-36.10104,-33.722572,-27.36089,-18.438213,-10.928999,-6.08239,-6.3275833,-2.7716131
-5.0288258,-5.036812,-5.0669518,-5.1655064,-6.190056,-7.503994,-7.816782,-7.597662,-6.7718773,-5.9114475,-5.4015026,-5.507704,-6.390484,-7.8028736,-9.313053,-10.812675,-12.097485,-13.740076,-16.457117,-20.136528,-24.844837,-28.321636,-29.77245,-29.003895,-28.446201,-29.317245,-31.754658,-34.422375,-36.14706,-36.359814,-31.971485,-24.822014,-21.472057,-20.05544,-16.286669,-7.1645393,-2.7877264
-1.4807453,-1.5297756,-1.5062466,-1.5317726,-2.053875,-3.1139908,-3.729622,-4.0342255,-4.021734,-3.8390198,-3.7229996,-3.6533394,-3.9368744,-4.370966,-4.954582,-5.267313,-5.1562157,-4.7063828,-3.92408,-3.0795078,-2.142334,-1.507904,-1.1725006,-0.94916534,0.73337173,2.6582985,5.6771736,9.890007,11.285587,11.666718,11.791409,11.601036,11.370186,9.998669,9.646999,9.1668,5.1494675
0.52004623,0.5477867,0.53001595,0.5341835,0.5281601,0.62859726,0.6573658,0.60013866,0.37492275,0.037169456,-0.5001278,-1.193799,-1.7053156,-2.1838188,-3.0157127,-4.6830997,-6.7788944,-8.751253,-9.781271,-10.124748,-9.821806,-9.082245,-8.464607,-8.418594,-9.590523,-10.458965,-10.192657,-9.722847,-8.916306,-8.742523,-9.347237,-9.871502,-9.909485,-9.389637,-8.434647,-6.2518272,-1.7847176
1.0353718,0.9891262,1.0330029,1.0407906,0.99520683,0.71323204,0.39214134,0.11525726,-0.24782372,-0.6616478,-1.0360203,-1.3223991,-1.66395,-1.719265,-1.7986679,-1.9664993,-3.1965313,-4.800539,-6.3523064,-7.084215,-7.2960453,-7.1525936,-6.986988,-7.02713,-7.732853,-8.688864,-9.020729,-8.455046,-7.811249,-8.16906,-10.668545,-13.365356,-11.909981,-10.234411,-9.039912,-3.7340307,-3.8871775
0.6012535,0.5952873,0.6717415,0.63718796,0.5322304,0.027069092,-0.34009933,-0.52909184,-0.31437778,0.22814655,0.8782692,1.4241486,1.8599358,1.8453598,1.4817963,0.809391,0.5613823,0.5095272,0.75731087,0.9794636,1.0541744,1.2262936,1.3090992,1.3345699,1.3790512,1.7449265,2.1640816,1.7729225,1.8061981,2.5249367,-2.238762,-0.23133469,-1.6250839,-3.4471493,-2.0597878,-3.497673,-4.057352
-4.678795,-4.670227,-4.666172,-4.854372,-6.170231,-7.8137608,-8.55242,-8.878662,-8.705799,-8.043619,-7.04368,-5.8509216,-5.0309963,-4.761343,-4.961588,-5.1964626,-5.413742,-5.5013504,-5.326277,-5.163269,-5.1370316,-5.892742,-6.9382896,-8.065666,-8.299431,-7.9172897,-7.648178,-7.398449,-7.1215935,-7.40921,-7.0925293,-10.028896,-17.979515,-18.698662,-14.114077,-7.63385,-1.588522
2.5267534,2.5507717,2.5215302,2.5622978,2.766632,2.6832323,2.1915026,1.6887264,1.6010857,1.9866676,3.0206718,4.872385,7.4742937,9.649364,10.817356,11.002666,10.56741,9.875743,9.371963,9.127523,9.115436,10.917286,13.66856,17.219786,21.046124,24.79233,27.539228,28.595543,27.360985,23.454325,19.25489,15.3736,12.406239,6.216091,1.3187027,0.25605202,5.6888676
1.8323479,1.8561802,1.8154163,1.8936272,2.174265,2.239275,2.2252464,2.409645,2.9207306,3.6081467,4.3692245,5.276786,6.499425,7.469425,8.246905,8.878153,9.575525,10.27363,11.095396,11.654764,11.874466,11.704063,11.532461,11.659872,12.499088,14.029968,16.316483,19.701332,22.021091,21.332352,22.760647,24.273708,21.088457,19.712828,15.177031,14.280659,13.396447
-0.15220833,-0.18546104,-0.17022896,-0.18699837,-0.2716179,-0.08559418,0.318964,0.7996559,1.1199989,1.3833542,1.4693432,1.4452801,1.3644676,1.3567448,1.4582844,1.6139812,2.2057552,3.0949116,4.58115,6.7223263,9.39456,11.559088,13.296276,14.559322,14.731087,14.569374,12.387547,10.136108,9.448006,11.350693,14.35714,18.4771,20.480057,12.501694,5.10688,5.6541824,5.3055
1.7095013,1.7237473,1.7082825,1.7394257,1.5502796,1.4025364,1.2801266,1.2511234,1.3254967,1.4069643,1.3788671,1.309947,1.2542667,1.3675594,1.5058203,1.7463503,2.2420673,2.955614,3.8319263,5.188139,7.0296345,8.893658,10.235554,11.069656,11.450478,11.817062,13.031448,14.564438,14.942471,12.691761,11.637173,7.6574516,3.3088913,4.492838,3.8092823,1.1070576,1.4652195
0.5770626,0.5483074,0.58133507,0.58843994,0.8697052,1.2940063,1.6270561,1.8745766,2.1996632,2.622716,3.1735897,3.7167397,4.087061,4.4894047,4.7287045,4.8772125,5.048891,5.2455063,5.396206,5.527811,5.6109962,3.0625572,0.8216934,-0.108249664,1.0576134,1.559864,1.7828331,1.5848083,-0.3928795,-0.19894028,2.0147781,-2.4201126,-4.848278,-1.2758865,-1.2231026,-0.041334152,0.087893486
5.09886,5.0375195,5.041214,5.146158,5.9571323,6.727726,6.8728323,6.80243,6.366641,5.5685873,4.538911,3.449236,2.43812,1.7314949,1.1847553,0.88697433,0.46269798,-0.015918732,-0.2523365,-0.050722122,0.81529236,1.1801643,0.5219784,-1.035284,-2.110199,-1.3498955,0.2804451,1.8122482,1.1557312,-0.37525558,-0.70480347,0.10706329,-4.421913,-4.0313835,1.5611763,2.546732,3.2021904
4.022091,4.0062313,3.982298,4.065218,4.662327,5.161105,5.1530933,4.9183645,4.6122704,4.228614,3.7962646,3.482872,3.185442,2.7622814,2.3043404,1.6856003,1.0003586,0.17255402,-0.76831055,-1.4806061,-1.757452,-1.0405178,0.13103485,1.34692,2.5106392,4.096882,5.3050575,5.114109,3.8494606,4.491356,7.727886,9.733669,10.611084,9.751392,8.225742,4.860201,3.853344
2.3903751,2.3787632,2.4101543,2.4065208,2.6674194,2.852211,2.909071,2.7943668,2.6689243,2.5622969,2.492094,2.4256554,2.4105167,2.4417515,2.3665771,2.194254,1.7031193,0.96665573,-0.15054607,-0.64554405,-1.0769291,-1.057539,-1.5288868,-2.5456505,-2.7545357,-1.4735546,0.5347843,2.2694511,3.2553253,4.7784386,6.8023834,10.999619,12.209221,10.959261,9.577164,11.539492,9.726236
-1.6099262,-1.5800285,-1.5985126,-1.6415949,-1.8857603,-2.1909456,-2.251686,-1.9420166,-1.475771,-0.8165436,-0.36569786,-0.011350632,0.1410675,0.17486954,0.22898865,0.28206444,0.47860527,0.9513874,1.813858,3.1796741,4.771538,4.775814,3.9013443,2.6277618,1.8686047,2.2317753,3.706133,4.203312,2.6706352,1.5212517,-0.24011612,-0.8136368,0.42282867,-1.987812,-4.3962154,-0.08933067,-0.060544968
-1.2946434,-1.2540379,-1.312357,-1.3276539,-1.3112564,-1.128437,-0.71321297,-0.043330193,0.8296766,1.5094919,2.0082788,2.2573042,2.2557611,2.047287,1.7406063,1.5504742,1.4761591,1.5102329,1.6773472,1.6254692,1.4467335,0.51392937,-0.23997307,-0.45231056,0.23345757,0.526577,1.3197556,2.1616745,2.0279694,1.5684776,-1.329876,-3.9850883,-3.9658222,-3.2068138,-3.419691,-0.24093246,5.6104736
3.1540508,3.1186085,3.140253,3.1812878,3.6183834,3.6832762,3.3342962,2.8786554,2.4958801,2.301547,2.3262978,2.3473854,2.5285501,2.7053785,2.9539967,3.3218317,3.9087772,4.6147327,4.984536,4.929966,4.420759,3.2908287,3.0141716,3.818159,5.3799534,5.999798,5.328968,4.1759396,3.8934364,3.8613167,4.4451504,8.902861,7.9735527,3.5175095,1.6365318,6.957246,5.496211
1.1484776,1.1656189,1.142477,1.1483974,1.4070568,1.5511713,1.5948248,1.695508,1.8751888,2.0581226,2.1956177,2.3196487,2.361639,2.2959156,2.1523972,1.8930855,1.8275604,1.8707275,1.947588,2.3444366,3.2105217,5.0243664,6.56172,7.46439,7.1067314,7.9594364,11.682007,14.866161,18.479153,17.886929,16.575233,15.667633,16.69337,16.80391,13.563683,9.372259,3.6744518
-0.4950695,-0.492342,-0.48524857,-0.62786484,-1.2018394,-1.6208668,-1.2769909,-0.2053442,0.9551029,1.8436193,2.1781025,2.129387,1.8406887,1.4820147,1.3460999,1.7034378,2.594574,3.8909397,5.2343817,6.613886,8.09805,9.100982,9.655249,9.664091,9.211079,8.52417,9.103207,9.72336,8.8214245,6.5878468,5.7760487,3.654337,1.667057,8.360992,6.9944706,6.280732,6.5767365
2.9009495,2.8680649,2.8733444,2.9474678,3.1573677,3.259222,3.2091503,3.0611095,2.8645544,2.7175884,2.4564629,2.2555695,1.9151783,1.6043072,1.2485943,0.81700134,0.44753838,0.21665382,0.4863243,1.1989479,2.249796,5.1202545,7.821459,9.956142,11.834223,13.497137,15.108742,16.412804,17.554993,19.494484,21.296467,21.34246,19.808537,17.030697,15.19253,13.154642,4.741727
3.3001213,3.2968483,3.270502,3.3123722,3.6901684,3.910471,3.836463,3.6578207,3.3223925,2.741436,2.1185455,1.6657963,1.2450504,0.76971817,0.4610138,0.6306,0.7572441,0.6874809,0.42775345,0.41316605,0.65325546,0.9400139,0.8526039,0.6926956,1.2928276,1.7026901,0.87325287,-0.97255707,-3.0128975,-5.4800262,-6.2469444,-6.2746277,-3.6710854,-4.76766,-8.088554,-5.870063,-1.6642771
-0.4430046,-0.49982643,-0.44672966,-0.4406433,-0.3776436,-0.21365738,-0.10599899,0.060338974,0.22064972,0.21796227,0.21943283,0.09789467,0.062963486,0.16963005,0.28667068,0.39911842,0.4832859,0.78842735,1.5663357,2.0171013,2.2064972,2.591566,3.4934845,4.2997437,3.6458778,1.3490944,0.88116455,3.2136612,3.2602806,2.0725632,1.3080864,2.0193558,6.7553406,10.989494,8.233822,3.750515,3.1644487
2.0153542,2.019373,2.064766,2.0602226,2.4337292,2.2916508,1.5293579,0.4482231,-0.36424637,-0.94597054,-1.2531586,-1.5171413,-1.8064404,-1.5776787,-0.7185135,0.62137985,1.8361206,2.7981243,3.0635548,2.8270378,1.7720299,-0.1874237,-2.1848679,-3.7635422,-4.4108734,-4.390606,-4.4529953,-5.1345215,-3.1801643,-2.1882706,-4.175522,-0.30564117,-0.061431885,-0.6802025,2.336216,2.4044895,2.6209698
1.7085667,1.7727375,1.7533035,1.807476,1.9848804,2.140459,2.0726757,1.9668922,1.6660213,1.2965565,0.8385811,0.05983734,-1.502573,-3.0163765,-3.8649864,-3.8645802,-3.8800316,-3.9190655,-4.06583,-3.8890038,-3.6141586,-3.7055035,-4.8179607,-6.8225574,-7.841507,-6.535433,-4.555256,-3.1734009,-3.603302,-5.007492,-5.9829216,-6.827057,-7.1667023,-8.711105,-5.011591,-6.8689003,-5.296503
2.5991259,2.5861912,2.6159182,2.655098,3.1797905,3.4603977,3.501872,3.5334768,3.669901,3.8492985,3.955801,4.038151,4.186308,4.2962475,4.373886,4.4203644,4.441065,4.424919,4.3703194,4.369667,4.576885,5.387226,6.4711266,7.7221336,8.881805,9.311285,9.889915,11.011902,11.68758,12.890045,15.159927,13.635307,12.147324,11.014832,8.273373,4.2535315,3.924612
2.558321,2.5999756,2.557953,2.5876007,2.837471,3.2642822,3.5554123,3.9069881,4.0187263,4.109461,4.138422,4.1875134,4.2068443,4.137308,4.0628624,4.0257397,3.4200153,2.51853,1.3818054,0.7281666,0.35238838,0.06820679,-0.6673069,-1.627367,-2.3613663,-3.8545246,-5.199198,-6.319252,-5.941578,-3.6232414,-2.0883865,-2.0107613,-1.625557,-4.7317314,-6.809189,-4.7996445,1.6591902
2.7888088,2.744503,2.7501736,2.868332,3.3357658,3.6717033,3.6421032,3.4502583,3.0148163,2.6720867,2.342373,2.0591755,1.9585133,2.5154133,3.5458279,4.5787334,4.4946194,3.76128,2.5298767,1.7668915,1.4188042,1.5045204,1.8684196,2.0851345,1.598774,-1.8084869,-4.4367256,-4.8770027,-4.724037,-6.580574,-5.2474213,-4.529339,-6.594158,-6.491974,-5.3697586,-5.2557793,-1.8959408
-0.39775848,-0.35733986,-0.3917389,-0.42334557,-0.809845,-1.0885906,-1.1675587,-0.9732399,-0.46632576,0.12848473,0.8568497,1.2374668,1.3821373,1.2364635,0.6430111,-0.28048897,-1.0363579,-1.0699825,-0.5514889,-0.8740921,-1.8297348,-3.1649437,-4.153305,-4.782749,-5.076763,-5.936493,-6.7988586,-7.4977837,-6.741478,-5.6676025,-4.4876747,-4.924389,-7.274864,-1.7289276,-0.783226,-3.3606052,-1.689703
1.815567,1.7746792,1.7628193,1.8625011,1.8147335,1.8089752,1.7957306,1.7411423,1.6607876,1.4416122,1.0872707,0.8008938,0.375288,-0.011249542,-0.35665512,-0.8166027,-1.5441418,-2.7708397,-4.194559,-5.1241837,-5.7273636,-5.6157017,-5.161003,-4.3228664,-3.2917137,-1.9887047,-0.4648857,1.5612564,1.1133347,-4.083641,-4.0151863,-3.1526146,-1.2118912,3.600296,6.7451916,3.5632744,2.8831806
-1.0802727,-1.1331425,-1.1256714,-1.1176014,-1.2055626,-1.3658905,-1.5957012,-1.9550304,-2.5610123,-3.3685017,-4.2624264,-5.380871,-6.7999096,-8.435675,-10.719545,-13.269924,-15.05612,-15.802576,-15.244484,-15.955322,-17.59576,-21.022202,-23.6353,-25.491848,-26.732815,-28.481743,-29.506191,-30.045116,-30.299782,-24.873241,-16.956554,-17.318325,-23.157494,-24.60101,-14.711269,-8.173117,-6.6094894
4.99329,5.036516,5.0431976,5.3451195,6.6427746,7.4466076,7.378254,6.9917297,6.452139,5.8100395,5.388527,5.2575016,5.4965553,6.1295166,6.798336,6.997097,6.4929123,5.7861786,4.9906387,4.596981,4.4207535,4.15432,3.2294235,1.8810081,1.3901329,2.5887108,3.8008385,5.464966,8.8974,12.208237,9.049164,7.212322,8.692455,6.9376907,10.334433,12.323793,10.057382
-1.003273,-0.9888706,-0.9956417,-1.1895561,-1.5777302,-1.4561367,-0.3513031,1.3641167,2.9433136,3.659315,3.450819,2.885229,2.1905136,1.7908134,1.7064896,2.1787033,3.2538357,4.5807533,6.1524124,7.6240005,9.01771,9.962599,10.440256,10.456963,10.57917,11.60067,12.58408,14.5503235,17.796124,19.885342,21.410763,23.189564,23.469296,21.776752,20.875053,14.470295,10.337347
1.3312798,1.3447485,1.3189354,1.4203091,1.3991871,0.44231033,-1.0340366,-2.756565,-4.2879696,-5.4129944,-5.940571,-6.005541,-5.6105347,-4.906513,-4.4004173,-4.114609,-4.5644703,-5.2825623,-6.12558,-6.4481163,-6.5248394,-6.422621,-6.8417606,-7.899311,-9.332832,-10.363522,-11.145157,-10.657032,-9.887901,-9.49609,-8.466682,-7.2444916,-9.496904,-8.939684,-9.343517,-7.132265,-6.198065
1.1743898,1.1858397,1.1762094,1.2713623,1.3021088,1.1420956,1.418026,1.8443356,1.9255123,1.4538136,0.5109558,-0.612566,-1.8992043,-2.9238663,-3.499979,-3.7148304,-3.6142216,-3.6705856,-3.634304,-3.7089767,-3.8222675,-4.253788,-4.521307,-4.6453667,-4.4357834,-3.6739273,-3.003355,-2.7277203,-2.3314667,-1.2706318,-0.2738762,-1.3150406,0.09598923,-0.6907234,-1.0610523,-0.95874405,-2.7475033
0.7861614,0.77651024,0.81049156,0.9499092,0.21693039,-2.2058296,-4.7417088,-7.159256,-9.105463,-10.449575,-11.19883,-11.399462,-11.376375,-11.290365,-11.603228,-12.387833,-13.385254,-14.250532,-14.676601,-14.644421,-14.3997,-14.346149,-14.548019,-14.865704,-14.8107605,-14.463043,-14.360878,-13.761063,-13.420677,-12.128723,-15.97522,-18.864983,-22.555252,-23.0047,-17.86045,-16.206825,-10.790909
1.4869499,1.5283699,1.543499,1.7857285,2.3148499,0.65802,-1.1242332,-1.8945923,-2.3329563,-2.7151775,-3.188654,-3.8064156,-4.2997704,-4.5261726,-4.3683815,-3.9424934,-3.1599236,-2.2748451,-1.4991436,-0.92694664,-0.6718426,-0.9969311,-2.6574116,-5.9493256,-10.01651,-12.975246,-15.238579,-15.767326,-14.75301,-15.969517,-19.681618,-20.410545,-20.249561,-25.832722,-38.854897,-9.788704,-13.072784
-1.8677197,-1.8606663,-1.8334503,-1.8917408,-2.1468067,-2.134657,-1.9585762,-2.0191307,-2.3085403,-2.6234264,-3.0400963,-3.3978672,-3.5176296,-3.3555222,-2.9726143,-2.4470558,-2.1076508,-1.8939705,-1.9130783,-2.0756302,-2.4081497,-3.0021248,-3.3881912,-3.3366737,-2.2317123,-1.9484863,-2.9354057,-3.4861832,1.2305908,7.8645325,8.721329,2.2177353,-1.1496658,1.1154823,-1.0834084,-8.833038,-13.182713
5.387306,5.362158,5.360279,5.8571053,7.4938545,9.166592,9.943773,10.132647,9.518305,8.346455,7.253195,6.8542805,7.2190285,8.050144,8.916079,9.633587,10.440489,11.386324,12.574141,13.9286785,15.1564865,15.1364975,14.423149,13.584518,13.721367,15.17514,18.082024,22.440979,27.39238,31.802475,34.623116,34.244385,31.27071,28.069374,24.159184,17.238014,8.862873
0.6312876,0.6543112,0.656127,0.6912918,0.6767435,0.33304214,-1.193655,-4.380417,-7.849388,-9.8843,-10.399097,-9.964286,-9.355133,-8.952297,-8.872522,-8.92485,-9.04994,-9.295471,-9.747677,-10.582735,-11.730675,-13.073399,-14.267162,-15.105812,-15.368473,-15.868145,-17.008171,-18.233788,-19.571762,-21.0355,-20.115177,-19.553036,-8.049194,-10.319046,-12.298084,-10.771873,-9.756361
1.5631332,1.5425663,1.5173378,1.5666656,1.4093113,1.2077999,1.4006805,1.6219978,1.6766701,1.5028744,1.4438171,1.4973297,1.6108742,1.9001465,1.9206161,1.6506081,1.3241501,1.4668808,1.9314156,1.3015289,-0.15660477,-3.1043282,-4.8731537,-5.0179214,-4.4501038,-3.9737244,1.7831192,4.840973,0.79655457,-0.6683655,4.3956757,9.9907875,8.519241,3.3595924,10.366608,10.474569,5.533497
2.715662,2.6999779,2.743103,2.7903805,3.344284,2.7700386,0.4162407,-2.2752914,-4.340046,-6.009365,-7.304329,-7.8297997,-6.6552086,-4.5540237,-3.047989,-3.769413,-7.1119156,-11.685848,-16.70972,-21.283195,-25.46679,-27.726524,-29.048668,-29.867577,-33.253994,-34.618595,-33.652164,-30.575424,-24.602219,-19.42411,-17.535156,-18.384377,-21.87629,-17.537117,-10.349319,-9.771267,-11.374287
1.3296413,1.3633976,1.3599834,1.4686623,2.1403427,3.9894447,6.23732,9.085772,11.636803,13.209599,12.897266,10.579426,7.3535614,4.47736,2.5085678,1.42659,1.3218803,1.8830109,3.5034637,5.276123,6.967087,7.7864914,8.303387,8.887238,9.225605,9.616394,10.044655,9.869522,8.217743,5.962593,6.8659897,7.4709816,6.9806633,2.6391602,-7.187107,-8.132278,-5.2333603
1.1162033,1.10571,1.0942116,1.098589,1.2913094,2.3789635,3.9939842,5.5123196,6.868191,7.901533,8.314692,8.2201,8.082933,7.987974,7.7785873,7.4079475,6.946472,6.397743,5.4901085,4.303856,2.9094467,2.501789,1.2021561,-0.9657135,-4.311722,-5.4896545,-2.65773,2.466362,5.4645157,5.174347,6.808563,6.9471054,3.3348427,-0.74494934,-3.3929138,-5.8307,-7.513954
0.19319344,0.18159485,0.20013809,0.10746002,0.31926346,1.2051716,2.1320724,2.4099388,2.2066402,2.098362,2.0679588,2.088007,2.1781464,2.3698273,2.833664,3.3351402,3.4367294,3.060791,2.2506828,1.4508972,0.9478264,1.2182007,1.585659,1.9534645,2.0495148,2.017788,2.111702,3.0810356,4.334343,3.9941177,4.90353,6.0097504,4.8791847,0.8445301,-0.3950653,1.0788326,1.4774876
0.18769836,0.17767525,0.18719864,0.13059807,-0.32290268,-1.8152733,-3.0303879,-3.121954,-2.4808712,-1.7429085,-1.2546501,-1.0504456,-1.0197315,-1.1953583,-1.4586239,-1.8837967,-2.1354694,-2.013462,-1.033741,0.9363098,3.8728294,6.821991,9.248367,10.991787,12.240166,11.962601,9.10751,7.3239174,7.179535,6.907917,6.2217445,7.9716263,5.1169853,8.045101,2.2184925,5.6842957,2.3397827
1.0449533,1.0576773,1.0195837,1.8222742,2.4426355,0.3834076,-2.1693745,-3.4086285,-3.8780403,-3.9185028,-3.7272034,-3.3828487,-3.1184654,-2.989174,-3.0214596,-3.0879211,-2.4141235,-0.32176208,3.2703056,4.888027,5.5748444,6.2648087,7.357445,8.310646,7.7817383,6.756199,6.575264,6.8407593,8.019455,10.107468,12.509762,5.0905075,0.5863037,4.6002502,7.6245804,2.618637,2.0630836
-3.5203257,-3.5239315,-3.549343,-3.89958,-5.043268,-5.864521,-6.494482,-7.0167007,-7.498619,-7.895151,-8.056585,-7.866377,-7.500057,-7.32345,-7.655264,-8.504982,-9.9268875,-11.977154,-14.552162,-17.456478,-20.193539,-21.748379,-22.697643,-23.55769,-24.93607,-26.57557,-27.709843,-29.119667,-31.394157,-32.00331,-26.818855,-22.76458,-26.693192,-23.889965,-5.556183,-4.283333,-1.3902283
1.5603685,1.5346794,1.5506268,1.6137371,1.9254856,2.150774,2.1484928,1.7225475,0.15912247,-2.4874554,-4.27079,-4.8832855,-4.7897186,-4.4406433,-4.0815887,-3.9332066,-3.926447,-3.989643,-4.06411,-3.9691238,-3.7557716,-3.393818,-3.2605133,-3.3055267,-3.8224258,-4.4107094,-4.2696915,-2.9592896,-2.1298752,-2.7434082,-3.6998672,-2.127697,-2.6429367,-0.73862076,-2.3605957,-1.711998,-2.5958538
0.01930809,0.020923615,-0.0008773804,0.052030563,0.05973816,-0.14109421,-0.6212902,-1.4385662,-2.8908882,-4.348089,-4.422844,-2.9822865,-0.8359432,1.2285042,2.7907543,3.8980942,4.0340233,3.4249153,2.3101044,1.2374306,0.13346481,-0.5382347,-1.3695564,-2.170517,-2.714283,-3.1096764,-3.5832367,-3.9151077,-2.0405502,0.74975586,-0.73620605,-0.38864136,-5.438675,-4.837948,-5.4403114,-6.2353363,-1.9906921
0.35487175,0.38287354,0.39803314,0.38492966,0.20956421,-0.1596775,-0.94322014,-2.140915,-3.8160057,-5.684534,-7.1308346,-8.202332,-9.123226,-9.697388,-9.843315,-9.521017,-8.456284,-7.151623,-5.9715614,-4.868698,-4.0190086,-4.140793,-4.8139763,-5.742901,-6.042568,-6.170822,-8.317497,-9.853363,-9.419403,-9.5757065,-9.027481,-8.775921,-12.269184,-13.369507,-11.734699,-10.450497,-12.610523
-0.41125298,-0.39940834,-0.3570671,-0.38938522,-0.56625557,-0.7590351,-1.1040535,-1.2932053,-1.5601349,-2.529276,-4.203575,-5.8704185,-7.459173,-9.146324,-11.7234955,-15.151651,-18.30086,-20.588375,-21.349434,-21.614296,-21.623413,-21.923157,-22.212212,-22.341145,-21.918636,-21.427128,-20.542648,-19.39656,-19.309944,-21.959846,-26.679916,-29.997086,-30.922844,-30.128216,-27.753395,-24.905228,-14.062462
0.022277832,0.030927658,0.029504776,0.011096954,-0.16842079,-0.7466335,-1.1811428,-1.5039406,-1.4889412,-1.0709743,-0.30748367,0.38679314,0.7364006,0.80867004,0.94584274,1.0372772,1.1628036,1.1581917,0.9363022,0.66078186,0.39067078,0.61699295,1.6256866,3.5311546,5.756153,4.8429565,1.5163116,-0.8457031,-0.7941513,-1.2165451,-1.5862122,-1.7983513,-10.425915,-10.632435,-9.048943,-5.7783356,-7.1471176
0.91461754,0.898695,0.8653412,0.9120884,0.73140335,0.35173988,-0.2731743,-1.0663853,-1.9839239,-2.9882584,-3.6035013,-3.85604,-3.7540798,-3.648901,-3.3714237,-2.5297604,-1.2928448,-0.41697693,-0.28359413,-1.5631561,-3.770626,-6.024952,-7.547901,-8.015068,-6.9439487,-5.455475,-4.03928,-3.2817612,-3.335331,-5.722269,-8.920824,-2.3848095,2.9546356,6.2338676,10.374523,4.574665,5.63089
2.326891,2.321579,2.3358316,2.3490276,2.3635597,2.2614212,2.1158257,1.9072361,1.6521797,1.3697853,1.0094414,0.2467575,-0.82198524,-1.777689,-2.4398346,-2.9074726,-3.7500172,-4.576006,-5.13406,-5.7249203,-6.303684,-7.131401,-8.193775,-9.256935,-9.886341,-9.389057,-8.077,-6.621235,-5.55056,-3.3923454,-5.7615204,-9.483994,-6.17486,-4.98489,-2.651991,0.9358978,3.098055
5.66045,5.6469193,5.7054615,5.7864876,6.741005,8.054375,8.589977,9.209232,9.769514,10.299953,10.810835,11.012701,11.013866,10.921022,10.845808,11.211042,11.906132,12.864838,14.348127,15.710632,17.10796,18.038914,19.1973,20.822842,22.348965,23.226871,23.790909,24.265285,23.513474,20.706352,15.913624,8.893986,11.243374,16.54883,9.164055,2.4022522,0.6287594
4.2251453,4.2503204,4.2180843,4.3303013,5.362669,6.621752,6.7063313,6.8213215,7.1311455,7.5704594,8.03512,8.597427,9.316416,10.323885,11.836924,14.042881,16.558655,18.955479,20.516644,20.798801,19.881786,18.49915,17.783401,18.125439,18.825356,19.339657,18.84451,17.5434,18.387112,18.168755,16.072155,15.337051,10.012859,7.7962914,9.745089,3.0153046,1.7970638
1.2200203,1.2204571,1.2284279,1.2473679,1.3210278,1.3788786,1.3414688,1.2707901,1.0657597,0.8404007,0.5057688,0.2411766,-0.054725647,-0.40076065,-0.4824009,0.37475395,0.9719658,0.7781353,-0.9246998,-2.6859875,-4.2406597,-4.792816,-4.810478,-4.195801,-2.959324,-0.93442535,-0.018573761,-0.11610031,-1.2332458,-1.46595,0.5857544,-0.58013535,-0.123558044,-4.9470196,-5.8106613,-3.1224613,-6.164013
-2.5735931,-2.5619621,-2.5523663,-2.7379875,-3.457426,-3.888937,-3.4820309,-2.4304962,-1.4807682,-0.98638153,-1.5063114,-3.1404,-5.1840878,-7.054491,-8.602097,-10.149986,-11.299425,-12.171556,-12.424818,-12.492073,-12.557064,-12.744972,-13.003441,-13.289936,-13.497261,-13.9738655,-13.857204,-13.308674,-13.467381,-14.028782,-13.61792,-12.663338,-13.482632,-9.52841,-3.118061,-5.4288464,-5.9285517
0.72231483,0.7503853,0.71079826,0.76263237,0.7866001,0.61906624,0.17674065,-0.436718,-1.2204323,-2.108261,-3.1864052,-4.5723763,-5.338457,-5.4965897,-5.464718,-5.3425026,-5.137871,-5.103279,-5.436348,-6.1055717,-6.6622314,-7.033432,-7.153076,-7.223564,-7.3828773,-7.950531,-8.408787,-7.862343,-6.280754,-6.376457,-6.577633,-5.640255,-5.9867706,-5.853836,-6.928356,-8.473299,-8.535643
-1.1641665,-1.1727085,-1.1711121,-1.224657,-1.3792915,-1.5709991,-1.5321922,-1.2038498,-0.9155159,-0.910717,-1.3899593,-2.065565,-2.6040897,-2.7392292,-2.483408,-1.7348747,-0.74051285,0.3348484,1.1923637,1.4897346,1.3353386,1.05587,0.96103287,0.9285164,0.84641266,0.4583969,-0.37014008,-0.9254112,0.5924072,2.8939629,3.7377014,1.5028687,-1.7786331,0.57647896,4.8825397,2.5141277,0.61196804
-0.16997242,-0.16642761,-0.14384842,-0.16897774,-0.0930233,-0.08471298,-0.1880436,-0.34119797,-0.48652267,-0.7003727,-0.9314823,-1.270958,-1.7612019,-2.663128,-4.2055607,-6.5493317,-9.748745,-12.765648,-15.308653,-16.441711,-16.560806,-15.095509,-14.140938,-14.748425,-18.221962,-21.312119,-22.996845,-22.547813,-19.956234,-15.870586,-10.340786,-10.210129,-16.532482,-17.64172,-17.792847,-15.02883,-13.676963
-2.3792572,-2.3461952,-2.3966389,-2.4795246,-2.9837418,-3.375721,-3.1924286,-2.2465706,-0.9146385,0.56313896,1.7430191,2.5984535,3.0281086,3.0106163,2.6161098,1.6438522,0.2900524,-1.1740322,-2.376114,-3.067091,-3.5396729,-3.8251953,-4.201744,-4.906124,-6.268654,-8.657722,-10.524864,-10.775215,-9.541386,-6.3834343,-4.232952,-1.9612236,0.1532135,-0.116565704,-0.79198265,-0.33005428,-1.0085716
-2.1717396,-2.1978054,-2.1699257,-2.2204552,-2.7858143,-3.944004,-4.8742123,-5.6008806,-5.9164934,-5.798876,-5.4083557,-4.858423,-4.4692307,-4.462599,-4.962343,-6.0728264,-6.8189373,-7.165657,-7.1605053,-7.318165,-7.6785927,-7.015667,-5.6211395,-3.7413635,-2.5100327,-2.0918312,-1.4271774,-1.3488121,-4.847229,-9.734726,-11.830681,-13.2549095,-17.221931,-11.270733,0.15029144,-0.55010986,-7.140108
-3.940281,-3.9258614,-3.9024715,-4.330099,-5.733103,-6.815605,-7.880018,-8.65843,-9.567852,-10.323154,-11.121954,-11.9324665,-12.815737,-13.852957,-15.579603,-18.18104,-20.688452,-22.676628,-23.050604,-21.952303,-20.073269,-19.86528,-20.775028,-21.92884,-21.52311,-18.655357,-13.299641,-7.734234,-3.0833588,-2.0387993,-2.238655,5.0577393,2.6385078,5.2913322,8.937881,10.235189,10.269083
-4.922867,-4.924721,-4.9684277,-5.094017,-6.2590675,-8.304159,-9.371254,-11.435089,-13.3563595,-14.347691,-14.950542,-15.4486885,-16.03738,-16.682096,-17.393768,-18.241734,-19.293621,-20.605808,-22.227158,-23.842163,-25.116447,-26.529778,-27.511887,-27.872662,-27.667038,-28.279152,-28.770012,-27.936668,-25.392353,-20.539627,-15.876839,-17.594505,-19.132915,-19.928032,-25.934828,-19.794199,-5.2131195
0.1890068,0.20705986,0.17982292,0.18790627,0.27866364,0.7577381,1.2587814,2.0066414,2.877575,3.5938835,4.023445,4.0781307,3.7606125,3.1161594,2.4101753,1.9326019,2.495388,3.2935324,3.9323912,3.788124,2.8141155,1.292759,0.24983978,0.021530151,0.39864922,0.008033752,-0.69826126,-1.903862,-3.2552376,-4.165165,-5.515068,-6.526184,-7.622757,-5.97756,-1.8917732,-6.133671,-4.5698566
0.6165085,0.6025486,0.6228304,0.61914444,0.8956909,1.1317797,1.3261509,1.7331934,2.2922783,2.8830147,3.3451996,3.5885143,3.6158428,3.5067692,3.212799,2.888651,2.3608665,1.7281799,1.3380985,1.2793999,1.4342747,0.46850967,-1.4040375,-3.7137184,-4.111027,-3.2890549,-1.5263519,-0.11685181,-0.12560272,-1.2709618,-3.1997032,-4.246315,-3.343441,-2.3184166,1.1372299,0.5626812,0.46357155
-0.33089638,-0.29800606,-0.31717873,-0.31980896,-0.42433548,-0.626215,-0.768116,-0.58719254,-0.051124573,0.6168518,1.2972355,1.723175,1.803976,1.7784691,1.5073891,1.0350437,0.34463882,-0.44865036,-0.93211365,-1.3705845,-1.6852531,-2.5344944,-3.371872,-4.3702755,-6.5383167,-8.435884,-10.026659,-12.218346,-14.203949,-13.318054,-11.933357,-11.587387,-10.632317,-8.974205,-3.778099,2.9368687,1.7426338
-0.15429115,-0.14283752,-0.16843224,-0.1306572,-0.20923996,-0.2525406,-0.35446167,-0.14112663,0.10329056,0.10302162,-0.23309135,-1.3467484,-3.2948685,-4.814823,-5.8340263,-6.0451374,-5.7765217,-5.301937,-5.03627,-5.007017,-5.2062473,-5.9958725,-6.639328,-6.938175,-6.7023926,-6.678711,-7.760231,-9.297401,-9.519356,-8.388756,-7.3436966,-11.12384,-9.223171,-7.5646095,-5.3798866,-3.6229382,-4.263069
-0.8224125,-0.8280411,-0.8590317,-0.84970284,-0.9559994,-1.0839825,-1.2423744,-1.1226578,-0.44400406,0.8290291,2.184229,3.471569,4.7205944,5.686371,6.484312,7.3936157,8.555485,9.772917,10.760513,11.716549,12.838959,14.074013,15.063614,15.734478,15.970543,16.629223,17.588253,18.019413,17.445072,18.119102,15.973404,14.9063,21.25978,19.852665,10.771091,7.9464607,9.644011
-0.54974556,-0.56583595,-0.56461525,-0.6508236,-0.73005676,-0.9721565,-1.169138,-1.1176529,-0.9114189,-0.714838,-0.5868416,-0.7320137,-1.179573,-2.900549,-5.053932,-6.7676125,-7.0197964,-6.972084,-7.3787746,-8.7997055,-10.843388,-12.63369,-13.825901,-14.382961,-14.853462,-15.679001,-16.28751,-16.858986,-17.8959,-17.352295,-17.340565,-18.755695,-19.074486,-17.20351,1.3882523,-0.620203,1.584198
4.378481,4.3567886,4.39522,4.497135,4.841795,5.1824055,5.699585,6.229494,6.7761765,7.000353,7.1486855,7.1453743,7.0994434,7.07428,6.999058,6.961199,7.0287685,7.453203,8.603315,10.283907,12.095285,13.087313,14.070957,15.418484,16.765388,17.656193,18.19305,18.954483,20.441845,23.93349,26.380009,28.606895,30.70837,21.88314,15.944099,13.243639,9.308091
-1.7675381,-1.7551823,-1.7835503,-2.121378,-3.886116,-5.286831,-5.5259857,-4.640526,-2.2463675,1.158411,4.2888393,6.542675,8.123726,9.197645,10.04875,10.8750515,11.413977,11.990999,12.562889,13.234459,13.921238,14.415363,15.051754,15.912746,16.220703,16.652916,18.01456,19.899212,21.1722,22.583626,23.613506,22.94946,20.31668,23.259617,18.224918,8.847055,6.39538
1.5890541,1.5446777,1.5801353,1.6271019,1.6409626,1.6504154,1.5744534,1.5004883,1.3766346,1.1659775,0.8645954,0.5723839,0.22954369,-0.07971573,-0.36793137,-0.6565933,-0.5116825,0.008501053,0.89323425,1.2985039,0.8310776,-0.022094727,-0.9772816,-1.9492321,-3.106575,-4.671795,-6.5555573,-7.9372406,-7.917465,-6.3745804,-5.692917,-3.8277168,-1.3784027,3.3753586,5.306349,4.6266937,5.337187
2.0413857,2.0486355,2.0043335,2.0800266,2.2917671,2.6770744,2.8859959,3.1163788,3.1365452,3.2139187,3.1612396,3.0096397,2.8190937,2.5668545,2.3078709,2.0902061,2.193201,2.2044315,2.0012112,1.0729427,-0.30589104,-1.2298069,-2.2905674,-3.0789623,-3.4902592,-3.3223667,-2.4912186,-1.9999828,-3.6771908,-6.9604836,-9.452465,-5.714615,-5.224943,-6.5939007,-1.6252632,3.7614193,5.220457
1.4159527,1.471386,1.4309912,1.4872446,1.9640293,2.1956158,2.4350662,2.677475,3.0830536,3.5061264,4.3275967,5.9636574,8.406651,8.990755,8.38476,7.3194847,6.9212074,6.961195,7.2299423,6.847664,6.243107,6.881138,7.8242493,8.931335,9.267113,8.36665,8.807573,10.616703,12.220219,12.70713,9.039951,9.450005,10.546989,8.477259,6.6659985,9.628021,6.562868
3.3294773,3.32522,3.336729,3.352869,3.7071323,4.0348625,4.1227884,4.253105,4.3955803,4.512269,4.678611,4.665884,4.7669716,4.9739733,5.231247,5.5537558,5.881278,6.138253,6.530428,6.373726,5.6749687,4.862253,4.4921303,4.740507,5.64028,6.328953,8.162697,11.306255,14.022438,15.444286,15.568153,15.616951,16.1025,14.005135,11.174355,11.965973,8.994958
2.821291,2.7776604,2.825489,2.806591,2.862503,2.891138,2.7940273,2.7503986,2.7316399,2.7134056,2.6716747,2.65621,2.5834389,2.4160213,1.9635811,1.2369232,0.22216415,-0.52246475,-0.049196243,1.0578442,2.5689087,3.6085358,4.668041,5.6640987,6.1680603,6.4610214,7.0619583,8.34433,9.370159,11.990337,14.475067,14.799461,14.353863,14.299072,9.99185,5.813406,2.1687288
1.0406189,0.99745464,1.0357218,1.0499706,1.3214846,1.5823278,1.5687113,1.3387127,0.92715645,0.36850166,-0.623827,-1.7265968,-3.3811626,-4.6456375,-5.293106,-5.225643,-5.206579,-5.3290863,-5.448498,-5.3200817,-4.877001,-3.7717037,-2.2875824,-0.8043957,-0.9231205,-1.2663555,-1.611599,-1.1213531,-0.051376343,1.1830978,1.8876305,3.5768242,5.4317226,5.6660404,7.048374,5.842695,1.5525093
1.9583073,2.0234165,1.9974308,2.0213108,2.0408459,2.135109,2.1835728,2.2693167,2.2690563,2.099804,1.7422543,1.2751856,0.8273897,-0.05396843,-1.4044724,-3.4083586,-4.6847553,-5.486662,-5.755316,-6.1709976,-6.7333336,-6.2476044,-4.6019306,-2.1496582,-0.7141819,0.3904209,0.6664314,1.5911446,2.5446682,2.8532562,4.038227,5.343609,7.5789948,6.942976,11.136662,5.966857,2.6806479
1.5821323,1.6368694,1.6170406,1.6165848,1.6382084,1.656105,1.5636806,1.4543247,1.287221,1.1101122,0.91076183,0.5693331,0.20397472,-0.216156,-0.72956276,-1.5533161,-2.4425888,-3.23168,-3.4291477,-2.9798203,-2.1021404,-1.048563,-0.07750702,0.71546364,1.5187016,3.0226612,3.9866104,4.8548317,6.2759056,7.1162987,7.0352974,8.992737,11.168583,11.572159,9.282879,9.184448,4.8280745
-0.17008018,-0.112356186,-0.1297493,-0.15229607,-0.08575249,0.059560776,0.27836227,0.70136833,1.2137709,1.5684052,1.9309158,2.2158184,2.439659,2.299777,1.9697924,1.2903872,0.26535225,-1.2577286,-3.587142,-5.2672853,-5.8769026,-4.115095,-2.7312183,-2.0413246,-1.8936558,-1.9610138,-2.587246,-3.5254478,-4.049856,-3.4885826,-2.8785858,-3.6119194,-3.711979,-1.2942657,-0.46755028,-0.05281067,0.076618195
-0.52088165,-0.5028553,-0.51369286,-0.55836296,-0.92526245,-1.402422,-1.7678785,-1.6936245,-1.3165483,-0.7180557,-0.08485031,0.24680519,0.32082558,0.20389938,-0.04425049,-0.2848854,-0.66682625,-1.1315365,-1.4470444,-1.1156006,-0.30974197,0.44357872,0.85085106,0.6080513,-0.4796219,-0.7857132,-1.0440063,-0.35530853,1.2755127,2.9454498,3.5389328,4.32848,4.435272,3.162529,2.6850433,3.3448868,1.3150806
1.7828474,1.7903261,1.7684278,1.8190441,2.183876,2.3484974,2.1538334,2.0258217,2.0362682,2.2594566,2.655201,3.0908203,3.2573338,2.6194935,1.891654,1.3879509,0.9656849,0.4498806,-0.20305824,-0.99274445,-1.7552032,-2.3364353,-3.003933,-3.825058,-4.4344025,-5.5881157,-6.1216125,-5.608635,-5.225239,-3.8153133,-2.4718437,-2.7561874,1.6756096,4.6501102,7.2801876,5.780119,2.7836714
1.4862633,1.4780922,1.4701786,1.5324078,1.6754074,1.7744808,1.7705383,1.682457,1.5377522,1.2653484,0.9430485,0.505003,0.024122238,-1.0543442,-2.1869507,-3.190693,-3.6507435,-3.5939293,-2.2199783,-0.3894291,1.4048271,2.1199722,2.6149406,2.9374352,3.0377007,1.9116135,1.629612,2.9996223,4.3448715,4.314434,3.973549,4.7294044,6.364277,5.3312683,4.0179214,3.8426838,1.5300808
1.2374306,1.2117157,1.2116909,1.2669048,1.3317585,1.2515774,0.9218979,0.42520523,-0.22850609,-0.8546581,-1.779232,-2.9604473,-3.8715782,-4.60063,-5.2603207,-5.8877563,-6.824997,-7.700184,-8.41758,-8.630947,-8.5646515,-8.90485,-9.145771,-9.249908,-9.497822,-11.000412,-12.87064,-13.94709,-14.694313,-17.195045,-18.742355,-14.751572,-8.108032,-8.703735,-9.99749,-9.248465,-4.792898
0.55369186,0.5884018,0.5720501,0.6473379,0.4309435,-0.050214767,-0.7817049,-1.7507353,-2.8116531,-3.6265793,-3.961032,-3.7222862,-3.4056683,-3.731287,-4.5319023,-5.56839,-6.4109306,-6.965929,-7.402418,-7.7466393,-8.077402,-7.9710026,-7.7972183,-8.003906,-9.067606,-9.863817,-9.751097,-8.447784,-9.313562,-10.523199,-10.35503,-15.194031,-20.131989,-16.658833,-11.082703,-5.287937,-3.416111
1.3809052,1.3533459,1.3615208,1.6068993,1.9270973,1.4885406,0.19330025,-0.47943878,-0.25772858,-0.4873085,-1.7608643,-3.706709,-6.2830906,-9.5912075,-12.64032,-15.229824,-17.151718,-18.533623,-19.333025,-19.306679,-19.185528,-19.086933,-19.713982,-20.768013,-21.66301,-21.497406,-21.279217,-21.1726,-21.391819,-21.9455,-24.361328,-26.494907,-25.959324,-25.355015,-21.072407,-17.143227,-12.152178
1.3488894,1.4080925,1.3898764,1.437849,1.1650133,0.3894806,-0.8844671,-2.4388447,-3.8403358,-4.6557436,-4.929221,-4.9445877,-5.133312,-5.236635,-5.2935905,-5.2388115,-5.2875175,-5.4923134,-6.148758,-7.3868675,-9.058647,-11.078506,-13.266045,-15.314003,-17.03682,-18.050041,-19.551765,-21.354912,-22.170235,-19.957115,-18.341507,-15.207748,-12.933315,-11.452063,-9.993166,-6.850506,-7.791069
1.9238548,1.8969688,1.8929958,2.0337257,2.652338,3.0789661,3.2988071,3.0055618,2.3456135,1.731638,1.2015171,0.6809654,0.10389137,0.29922104,1.176857,2.7426643,4.231262,5.436226,6.002575,5.9658833,5.5627575,5.464386,6.409025,8.474705,10.728199,10.036503,8.31147,7.9503746,10.112659,14.875275,19.602776,19.52623,21.770851,22.117071,13.752541,9.89785,9.602703
1.2134485,1.2243156,1.2005291,1.3775043,1.5959435,1.5150566,1.2534962,0.7964363,0.18969154,-0.38669586,-0.7775345,-0.870018,-0.7798519,-0.3803978,0.20866776,0.9440651,1.8079605,3.113762,4.867649,6.7365265,8.376892,8.564869,8.256901,8.024307,8.992313,9.90506,9.751434,10.137016,13.158848,16.357536,16.00776,20.117645,19.105293,16.202759,14.825581,15.194426,11.53034
0.21087646,0.23727417,0.268219,0.29671288,0.14374161,-0.17474365,-1.0549889,-3.340107,-5.587345,-6.6174183,-6.494175,-5.908846,-5.368641,-5.4969177,-6.404148,-7.6688156,-8.576807,-9.170244,-9.505932,-9.974491,-10.601009,-11.554459,-12.174858,-12.554962,-12.334503,-10.739159,-7.2783966,-5.829262,-5.201889,-2.394287,0.91809845,2.5693207,-2.4212875,-0.43715668,-5.823389,-7.274681,-3.0910816
1.1546459,1.1687107,1.1788998,1.3170738,1.6717911,1.2536602,-0.0022029877,-1.4495592,-2.7147884,-4.0534477,-5.4265327,-6.7580547,-7.7857037,-8.278414,-7.925049,-6.8096123,-5.328806,-4.1216927,-3.6736984,-3.9448357,-4.815319,-5.8835945,-6.606209,-6.7538223,-5.776207,-4.073845,-4.644249,-8.614288,-10.359398,-12.365139,-14.510136,-13.837868,-13.600101,-8.376701,-11.580421,-8.084505,-3.5478535
0.8187866,0.81191444,0.78821945,1.0928955,1.2463112,0.17871857,-2.0636997,-4.378521,-6.592201,-8.008099,-8.493847,-8.235262,-7.614193,-7.0430126,-6.699112,-6.6606827,-7.234623,-7.9717674,-8.801834,-10.125294,-11.920013,-14.41283,-16.28204,-17.127014,-16.361008,-14.757931,-13.677551,-15.318848,-24.182022,-31.152206,-33.11221,-27.918526,-33.203262,-30.322716,-20.02385,-15.088356,-10.119049
1.349596,1.3603725,1.3624954,1.5400925,1.2811089,-0.16357231,-1.9958363,-3.2936096,-4.235342,-4.7726593,-4.8616753,-4.4881744,-4.0666656,-4.22143,-5.257784,-7.0463333,-9.214394,-10.643597,-11.228172,-10.86261,-10.282459,-10.147808,-10.481758,-10.801971,-10.042786,-8.221081,-6.7483253,-7.9028625,-9.858589,-9.202217,-9.637741,-13.350342,-15.552795,-16.658783,-19.647263,-17.060547,-16.100014
-1.8085814,-1.8331718,-1.8590183,-1.9605541,-3.564045,-5.94166,-6.7449207,-6.554184,-6.4065323,-7.083248,-8.345221,-9.420267,-10.150595,-10.56403,-10.75127,-10.733677,-10.738071,-10.6291275,-11.003353,-12.383839,-14.924446,-18.246162,-21.116405,-23.969906,-29.57116,-37.708145,-44.254887,-48.08842,-48.49524,-49.401127,-46.79325,-38.99872,-31.921722,-28.035194,-21.580265,-17.604576,-14.143938
-1.2519264,-1.2424889,-1.2386532,-1.4445648,-1.6422138,-1.9371471,-2.737215,-4.2625675,-6.6580906,-9.303471,-11.721954,-14.018692,-16.23042,-18.158241,-19.59369,-20.59256,-21.053434,-21.534126,-22.184376,-22.516842,-22.30487,-21.770504,-20.805237,-20.588806,-23.308983,-25.228222,-22.36544,-17.326366,-17.978142,-21.429302,-22.55856,-22.308105,-19.509731,-18.878525,-15.811556,-12.708769,-12.062328
-2.833065,-2.8619652,-2.8345795,-3.005127,-3.576992,-4.0422974,-4.560932,-5.1694794,-5.938902,-6.805704,-7.9449577,-9.677921,-11.879202,-14.211744,-15.97324,-17.27108,-18.219635,-19.180954,-20.192242,-21.840034,-23.832493,-26.066689,-28.283245,-30.384285,-32.20095,-33.466057,-34.259087,-35.11313,-34.436043,-35.935528,-32.180077,-15.210758,-15.832724,-11.593803,-7.111931,-3.0488892,-1.6344547
-0.013906479,-0.007955551,-0.08113575,-0.050909042,-0.30049706,-1.1547699,-2.4370956,-3.7882519,-5.074814,-6.1933727,-6.8695564,-7.2079735,-7.3388405,-7.497387,-8.42244,-9.925076,-11.234341,-11.906841,-12.068565,-12.3380165,-12.821419,-13.753357,-15.188988,-16.902618,-18.971813,-20.713799,-20.810524,-19.8406,-21.446281,-24.371044,-18.77747,-20.72678,-20.114414,-3.8410454,-4.3011,-4.604023,-3.0673895
1.2808743,1.2646656,1.2464371,1.4013329,1.5542622,1.453764,0.9542961,-0.11401749,-2.36306,-5.4159756,-7.7318115,-8.722965,-8.772982,-8.107214,-7.279915,-6.218157,-5.0136547,-4.013941,-3.2141762,-3.0898094,-3.2925224,-3.7450066,-4.027836,-4.339897,-4.7795143,-4.9249077,-3.2644615,-1.8283577,-2.9036522,-4.645466,-4.9913025,-6.65818,-9.479691,-11.137465,-7.7599983,-6.494377,-6.813925
1.769516,1.791626,1.8068523,1.8461361,1.9489632,2.014965,1.9834595,2.0562973,2.4030151,2.8623638,2.9852657,3.1348038,4.088381,5.777397,7.6575317,9.540947,11.07737,12.189766,12.970669,13.361237,13.724213,14.445507,14.888084,15.050655,15.248287,16.338451,17.395912,19.817123,21.44812,16.81377,16.706459,18.439297,12.089661,10.500607,6.5617332,5.94841,3.5856838
-3.6572056,-3.6566334,-3.653654,-3.8194923,-4.471607,-4.768816,-5.048685,-5.2884846,-5.6250687,-6.135563,-6.624756,-7.0231953,-7.9006557,-10.1903515,-13.061274,-16.151989,-18.762848,-21.132015,-22.988682,-24.327686,-25.296867,-25.95678,-26.723774,-27.544636,-28.26818,-28.457966,-28.258831,-28.044666,-27.975933,-27.608574,-26.801876,-26.879253,-22.264542,-19.527271,-15.51038,-13.190599,-9.857627
0.2684822,0.2555008,0.23442268,0.29645157,0.33088112,0.3398838,0.3419571,0.1533966,-0.109306335,-0.17975998,0.6787567,2.513506,4.456751,6.1507797,7.052349,7.0012207,6.511965,6.1977444,6.4372807,7.419796,8.974998,11.0776825,12.792625,12.973907,10.222721,9.240482,12.010597,14.903774,16.43486,15.5441475,14.399162,18.187164,16.622269,14.129295,14.854193,9.013842,7.2222385
-1.7088642,-1.7439461,-1.7256413,-1.7899971,-2.0152645,-2.2650928,-2.2673206,-2.2390347,-2.1484146,-2.091175,-2.0967789,-2.00008,-1.853569,-1.6384354,-1.3503723,-1.0273972,-2.027195,-4.2254486,-7.883816,-11.715961,-15.2585335,-16.209179,-15.230354,-12.535469,-9.950989,-9.305428,-10.114899,-10.28624,-7.9574814,-4.4408493,-3.6087341,-6.184593,-7.8527145,-9.572159,-2.6244583,-4.0861664,-3.0795898
4.360695,4.3621635,4.309704,4.5501328,6.866123,9.394068,11.322592,13.434689,15.308708,17.098215,18.992056,20.506409,21.30138,21.55179,21.83139,22.518963,23.226612,23.319725,22.196785,20.331455,18.01675,16.934227,17.361397,19.612999,23.11657,27.177216,31.114967,34.642006,37.295853,37.663574,30.723114,26.18753,26.752281,19.160603,11.749924,9.80077,8.470047
1.7242393,1.7221527,1.7388306,1.8077717,2.0588818,2.0866241,1.9707699,1.8453369,1.861227,1.9354,1.724638,0.9770775,0.04876709,-0.64808846,-1.0425682,-0.99435043,-0.59926987,-0.102687836,0.23594666,0.4617958,0.72737503,1.3395538,2.142784,3.2620544,4.8806305,7.020626,8.024338,8.335358,10.454945,12.825687,11.767269,11.275684,10.768269,10.818703,2.2980995,-1.452488,-1.7815514
0.26664352,0.25093842,0.22474289,0.21583557,-0.015771866,-0.3863449,-0.7385082,-1.1642647,-1.4542465,-1.8166714,-2.2480698,-2.7637577,-3.242653,-3.6331177,-3.978754,-4.303999,-4.868088,-5.559864,-6.4521675,-7.473055,-8.56612,-9.091822,-8.91342,-7.8164825,-5.5859756,-7.779541,-11.556625,-11.125454,-7.626213,-7.5082397,-8.126734,-4.7935314,-3.9138813,-8.496435,-7.3552284,-3.5137787,-7.9842167
4.366474,4.3975506,4.369175,4.4499817,6.0922775,8.268625,9.359215,10.478025,11.548943,11.965467,11.9324665,12.075407,12.602341,13.375902,14.388319,16.001488,16.507908,16.059927,15.752069,16.522217,18.703796,21.746746,24.598461,26.80936,28.25504,29.145226,30.244545,32.797653,33.842083,31.166473,35.59893,32.54274,25.000929,17.643387,12.999222,8.39945,12.018103
-2.685583,-2.7279568,-2.6770954,-2.9998379,-3.733467,-4.440611,-4.658659,-4.1808815,-3.501093,-3.177868,-3.1698303,-3.4834461,-4.0882416,-5.067192,-6.261778,-7.714817,-9.349012,-11.231913,-13.416443,-16.561985,-20.44747,-24.284786,-27.001328,-28.079765,-27.98943,-28.25264,-28.188385,-26.958344,-25.60537,-26.679626,-23.40466,-18.092892,-19.316578,-15.380096,-12.299385,-9.586521,-6.639162
1.477952,1.5019894,1.4569778,1.5268288,1.6047401,1.5199451,1.3769569,1.2516212,1.2417889,1.3308926,1.3946095,1.2369385,1.0577946,1.3336086,1.7677727,1.9568481,1.4893188,0.8378544,0.059597015,-0.90530014,-2.2531853,-4.212454,-5.514658,-5.899124,-6.5402794,-5.4131927,-1.6060104,2.6728745,6.7404556,10.25914,14.564381,16.006386,10.38633,7.8748093,5.3457375,4.8607903,3.971262
-0.19055939,-0.21304512,-0.23451805,-0.2876854,-0.28927612,-0.15654182,0.24619102,1.2027645,2.3156967,3.1822739,3.8118649,4.31365,4.4981194,4.2950134,4.096779,4.203602,5.100895,6.276531,7.7546005,8.743404,9.133995,8.404842,7.5545273,6.870041,6.476204,6.0563583,6.0085144,6.1515846,5.601036,5.1715508,6.3026314,6.0564194,9.302937,6.989872,3.5269375,3.9921932,3.5033607
2.0524588,2.0540123,2.032772,2.1045113,2.3874187,2.6331005,2.8022556,2.835268,2.7107258,2.492281,2.2879715,1.9866924,1.435072,0.08673668,-1.6318893,-2.9967213,-3.2584095,-2.9588165,-2.3119183,-2.1095963,-2.2323856,-2.7844086,-3.219162,-3.280529,-2.1407204,-0.5341301,0.7439308,0.9531822,-0.78746414,-3.2127266,-2.0800705,-0.17310715,-2.444664,-5.771332,-7.4916744,-5.6825714,-3.1871529
-2.0328426,-2.0657787,-2.051159,-2.117735,-2.7683601,-3.9726772,-4.6376343,-5.0494976,-4.863144,-4.2069225,-3.398615,-2.935152,-3.23847,-3.8805504,-4.6832867,-5.277605,-5.6476116,-5.8109207,-5.527481,-5.0065804,-4.3764114,-3.6290226,-3.0585403,-2.6987534,-2.52174,-2.618023,-3.15514,-3.0167007,-0.395195,1.2465248,-2.3361511,-6.359535,-4.5305443,-2.171772,-5.566227,-12.162083,-9.903952
2.9339848,2.9338207,2.9391727,2.9530659,3.4756355,3.9092464,3.8516827,3.770872,3.8216343,4.192072,4.8357162,5.9058456,7.15378,8.455898,9.480637,10.079973,10.172913,10.118942,10.137363,10.003735,9.743572,9.860397,10.344032,10.869328,10.496799,9.7229,8.620369,9.125214,11.194935,12.34613,12.443577,11.412643,8.621033,5.461727,2.9450493,-0.7768364,-3.2853909
0.50894356,0.51665306,0.49627304,0.546978,0.94753647,1.4150448,1.712244,1.9746752,2.1727104,2.2709131,2.3676214,2.3918,2.4047718,2.430378,2.2937508,2.1274147,1.9330044,1.7129478,1.4059868,0.9939747,0.49934006,0.0823288,-0.77677727,-2.2665424,-3.6933823,-3.7646484,-3.1699677,-2.125496,-1.3972626,-1.8197861,-2.8922844,-3.716156,0.5800247,1.6472092,2.091053,3.17198,4.858883
2.2381306,2.2450485,2.2511425,2.2310715,2.4066763,2.2308178,1.5803356,0.87375355,0.7218666,1.1165524,1.9748726,2.985632,3.7891092,3.9499493,3.605134,2.787321,1.5259933,0.2484932,-0.4665165,-0.30454636,0.19083977,-0.04598999,-0.66407776,-1.2552586,-1.7711945,-2.2077065,-2.1047287,-2.1014824,-1.245758,1.0675888,0.4739685,2.6833858,4.7665787,3.2275047,6.865448,6.4462585,6.074484
1.9955387,2.0115852,1.9805279,1.9809475,2.1177254,2.1353931,1.9279995,1.7796307,1.7194023,1.6911259,1.5683022,1.2099953,0.82289886,0.4155712,-0.29367828,-1.3276196,-1.782299,-2.2545395,-3.1629944,-4.2511673,-5.285637,-5.9872932,-6.572544,-6.972557,-7.1466293,-8.130207,-10.024212,-11.116589,-11.594662,-12.349262,-12.790348,-12.787823,-11.865198,-7.1982994,-1.8497391,-1.1300621,1.7776375
0.6402683,0.6669302,0.65013695,0.63512516,0.48599815,0.32204628,0.21898079,0.13635445,0.2742443,0.3748932,0.4911976,0.3989792,-0.05298233,-0.5779915,-1.0269318,-1.3728008,-1.4204178,-1.3540955,-1.3726578,-1.6489258,-2.4534874,-4.5414734,-6.6007614,-8.298771,-8.718922,-7.7086487,-7.3835373,-8.073765,-9.351673,-9.296532,-6.375477,-7.497837,-7.2338753,-3.721836,-1.2171078,0.5457058,0.801054
0.6734772,0.66529655,0.68019867,0.7040186,0.88247013,0.93194294,0.9142637,1.0459995,1.347702,1.8132286,2.3135386,2.7021284,2.9264202,2.9403849,2.6702604,2.1503983,1.2074242,0.36108017,-0.2674942,-0.46710777,-0.25428772,0.09758377,-0.12339401,-1.0526447,-2.4551315,-3.472992,-4.2004433,-4.3951645,-3.7643204,-2.4001274,-0.7521744,0.30313492,1.4183884,0.08174515,-0.051258087,1.7754021,2.2534637
0.6782837,0.71923256,0.7305603,0.7607403,0.94236565,0.8915777,0.56110954,0.2913208,0.1019268,0.17967033,0.41165352,0.5024872,0.4787655,0.12764359,-0.42453575,-0.87288666,-1.2402477,-1.4264011,-1.4707546,-1.8774071,-2.5091858,-3.2989407,-4.447466,-5.577444,-6.45644,-6.358532,-5.9170628,-5.86306,-6.4125633,-6.867607,-4.901436,0.67396164,4.648739,1.0973816,-0.4687252,-0.32952404,0.3274336
2.942562,2.9421978,2.9796295,3.0471306,3.2689362,3.3390942,3.0823288,2.734623,2.3255749,1.8799934,1.346941,0.9914417,0.46162415,-0.075647354,-0.65068436,-1.3936672,-1.2079144,-0.500473,0.7043934,1.1991043,0.9377823,-0.078754425,-1.1976433,-2.4839935,-3.7752686,-4.7452316,-5.6412544,-7.158264,-8.190201,-7.098324,-4.145363,0.35503387,1.4523201,1.8208733,2.3466358,2.8925457,2.3422537
0.4015274,0.38192558,0.42034912,0.39240265,0.24340057,0.14460373,0.12110901,0.29296494,0.37063026,0.4760208,0.5716734,0.4517851,0.07919884,-0.253026,-0.6867075,-1.6033859,-2.8475113,-4.14106,-4.5478783,-4.3955994,-3.8925762,-4.73077,-6.0638123,-7.7258606,-9.011162,-11.100906,-13.917919,-16.608017,-19.52288,-21.875145,-23.142319,-23.718498,-20.269115,-8.290966,-4.378874,1.8905945,3.7328205
-0.79992676,-0.804348,-0.83472824,-0.84331894,-0.99845123,-1.2078209,-1.253439,-0.93309975,-0.3692894,0.08197403,0.5724993,0.86828613,0.9131012,0.8822212,1.0792885,1.5722466,2.399475,3.271265,4.1007557,4.8973846,5.7341766,7.010662,8.550379,10.090387,10.844507,11.162127,12.3403015,14.28511,15.359131,15.8771515,16.680828,17.391819,17.806103,16.918789,14.116322,12.249401,8.469625
4.0567303,4.072571,4.0699368,4.100937,4.668789,4.9577827,4.650799,4.1176414,3.7084532,3.5503235,3.7968216,4.437845,5.4147263,7.326392,9.9468775,12.683012,14.549683,15.706318,16.154766,16.495127,17.079672,18.493176,19.938656,21.436687,23.267286,25.677683,28.561506,30.737385,31.240923,30.11728,29.902586,28.236391,26.28869,20.751785,15.0878525,16.146278,15.637774
3.4027538,3.4161644,3.4265785,3.5039444,3.9876156,4.51807,4.766941,4.889189,4.972475,5.1234455,5.3463116,6.1185627,7.9676876,10.355318,11.854124,11.508709,9.429184,7.0622444,5.2817993,4.99885,5.6584816,6.6514854,7.2389145,7.2637825,6.6719513,7.1259537,6.9447365,5.146942,4.6464005,7.4995956,7.236618,6.4001236,8.42453,7.4424877,6.35528,8.324799,8.3431015
1.641592,1.6490021,1.6681442,1.6467648,1.6484175,1.699399,1.7886953,1.8439474,2.0067844,2.1022568,2.2208042,2.176815,2.0202904,1.8513031,1.6047516,1.3119888,0.93727684,0.7492962,0.7918625,0.3110485,-0.76374626,-1.2936974,-1.3053055,-0.68862534,0.40517044,0.3495407,-0.3890915,0.47604752,0.969368,2.5659409,3.7087936,6.2168884,5.180422,2.8392982,2.9303627,4.4419813,0.24831295
2.4928322,2.4785862,2.472229,2.5130901,2.5732117,2.4742641,2.3724232,2.3098946,2.3475342,2.4570122,2.6114292,2.8127193,3.130972,3.344635,3.6020832,3.7859364,4.004883,4.030344,3.672554,2.7399025,1.3607693,2.4062672,3.7280216,4.900507,5.935831,6.572918,6.895933,7.4435883,8.0425415,5.536606,6.439354,5.284767,4.6406403,2.3702507,-0.51693726,-0.04421997,2.5760803
2.1093464,2.1675453,2.1440716,2.1533623,2.4345646,2.4659824,2.21735,1.9728231,1.8582678,1.9271469,2.2239923,2.6408396,3.263094,4.3511524,6.023363,8.368633,10.23945,11.390701,11.120308,10.261936,9.108591,8.273048,7.8889675,8.033667,8.985748,10.361151,10.338261,8.583893,5.8416977,6.217285,7.30138,8.985851,9.545856,8.476093,7.447838,7.957321,8.373756
0.110025406,0.122457504,0.11708069,0.12817001,0.12919426,-0.059070587,-0.2525215,-0.13778305,0.14152336,0.6122303,1.2883835,1.8844109,2.4276218,2.8419495,3.3513489,4.1608486,4.77174,5.046858,4.635664,4.851326,5.5839825,6.6240654,7.4333687,7.593424,7.220434,8.670034,11.467142,13.408022,14.923262,17.174805,17.65896,15.7813225,13.127377,10.483269,9.476877,11.9225235,7.370594
0.48824692,0.4940548,0.453722,0.50827026,0.7145586,0.7989025,0.8202324,0.8434591,0.98874855,1.1061649,1.2400503,1.3280306,1.3047657,1.2884197,1.1972694,1.0926161,1.1993837,1.5157795,1.9363747,2.282446,2.5402622,2.8578033,3.2248535,3.7176094,4.164469,5.7142506,7.5329666,8.794464,12.609823,17.704327,18.85456,15.1835785,14.497532,13.272032,7.5113335,9.491438,7.9166126
0.4975624,0.47667885,0.44927597,0.5003557,0.47536182,0.45684624,0.47310638,0.61852837,0.8734379,1.1508484,1.3040247,1.3193073,1.2394199,1.099247,1.0338669,1.1336021,1.5989285,2.5615864,4.500784,6.2427616,7.574709,7.56131,7.1949844,6.7655296,6.1551247,6.580265,7.9662094,9.343632,11.13456,13.21875,18.45842,17.312988,14.556618,11.973564,7.792589,8.466011,5.293045
2.058794,2.06036,2.0850306,2.06917,2.2095032,2.0977259,1.9019737,1.8263817,1.750576,1.7449646,1.5701866,1.3757238,1.0650549,0.7073631,0.38691616,0.37783337,0.9535074,1.8958893,2.7207737,3.7455063,5.110056,7.0467434,8.897114,10.487076,10.358629,9.224323,8.384748,9.339632,11.716869,13.485458,15.412037,15.569778,14.213814,14.452438,13.346123,7.9688816,4.369562
-5.3585663,-5.3339844,-5.344612,-5.433592,-6.182535,-6.469393,-6.266157,-6.020792,-4.1123066,-0.6025505,3.4024963,7.456215,11.654018,15.286274,18.069832,20.087212,21.511585,22.572899,22.503164,22.26116,21.91402,22.492128,23.842863,25.628445,27.185331,27.51601,27.560856,27.825314,27.73233,25.971447,22.944828,24.587132,27.069183,30.019733,13.533197,5.9349594,4.392123
0.026691437,-0.037002563,-0.017086029,-0.071186066,0.07165146,0.17406845,0.626667,1.3899384,2.4394627,3.2551231,4.0210648,4.776472,4.8719635,3.5304966,1.6806068,-0.05220604,-0.8674774,-1.4530067,-1.8980274,-2.1755886,-2.1573792,-2.1014442,-2.0934525,-2.1558304,-1.3836517,-1.0965385,-0.5877495,0.89079285,1.1809235,1.6452026,0.72733307,4.0634193,6.5657234,5.7984962,3.4090214,1.664278,1.8640213
-0.1653204,-0.14726257,-0.18467712,-0.21033955,-0.6845932,-1.098875,-1.2888651,-1.3858099,-1.2983694,-1.3971205,-1.7620916,-2.3042192,-2.9560833,-3.4392338,-3.672371,-3.2877178,-2.4300547,-1.4843826,-0.9938431,-1.3777313,-2.0587807,-1.3968887,-0.4955845,-0.2861557,-2.3733406,-4.335373,-3.5985603,-1.86166,-0.72136307,0.6146774,2.577877,0.4566002,-4.8570557,-6.606657,-5.3131638,-2.110466,-1.9274349
0.4255371,0.4381981,0.46398926,0.4135399,0.33455276,0.16198349,0.1238327,0.13515091,0.21242142,0.27233887,0.17728233,-0.027938843,-0.37331772,-0.6690445,-0.97340775,-1.402441,-2.1006222,-2.688879,-2.7275982,-2.8925285,-3.263401,-3.8214035,-4.4493256,-4.978073,-5.3886642,-6.2939415,-7.509842,-8.498875,-9.102612,-8.3640175,-6.6515083,-5.9300766,-4.959793,-3.7498436,-2.1896553,1.4613972,0.75359726
0.109292984,0.13044739,0.13783646,0.07060242,0.18059158,0.32808876,0.43951607,0.6024742,0.45306778,-0.25458527,-1.3402939,-2.3332577,-2.883133,-2.7387657,-2.2545376,-1.5952644,-1.0443554,-0.7396145,-0.50639534,-0.24756622,0.07278061,0.7274399,1.3302956,1.6259232,1.3524475,1.0358963,1.0759735,0.50167084,0.73031616,1.9351082,-1.0118561,-2.5896301,1.9936409,3.0795364,-0.6711502,0.44200516,-1.1663952
1.2133484,1.1974907,1.2489281,1.2250938,1.4129219,1.2734089,0.8615837,0.43387604,0.429039,0.6440277,1.0875835,1.6613007,2.2568398,2.7754745,3.1455383,3.6817875,4.316513,4.891699,5.5330544,6.2191257,6.8707237,7.464176,7.675003,7.7091484,7.7314987,7.7555046,7.252285,6.644459,7.2398148,8.648354,9.809616,9.512909,8.584888,7.5754356,7.493843,5.333227,3.964014
-3.1234474,-3.170763,-3.1381416,-3.2064838,-4.141636,-5.69396,-6.1694546,-5.7371616,-4.872738,-3.89785,-3.7186756,-5.5424843,-10.099617,-15.6223545,-19.880455,-20.577148,-18.846764,-16.079502,-13.698807,-12.408154,-12.626488,-14.259548,-16.05529,-17.503834,-19.281502,-21.78761,-23.448792,-23.67302,-25.2668,-26.663254,-23.661789,-27.510075,-32.104107,-33.27576,-19.257812,-13.409615,-2.5278893
-0.0056295395,-0.04114151,-0.001288414,0.01236248,-0.13201523,-0.34688187,-0.5666332,-0.84726906,-1.1541214,-1.2539291,-0.91316986,-0.11406517,0.4707718,0.7126732,0.60185623,0.2477665,0.22385788,0.95225334,2.9252338,4.465046,5.6804943,7.2754173,8.390907,7.573719,1.7269821,-1.121418,-0.44447327,-0.6660805,-3.146778,-5.494194,-6.791462,-7.8314056,-8.105263,-11.087746,-6.5187798,0.55550385,-5.5670395
0.6038914,0.60477066,0.55330276,0.74676514,1.2784882,1.3454704,1.1043129,0.8979721,0.6429539,0.32818413,-0.0058898926,-0.25646782,-0.39118195,-0.47615433,-0.5064354,-0.3850975,0.8795605,2.8577728,5.367447,6.686676,6.8903694,7.147438,7.8356857,9.237778,11.322304,13.104912,13.445541,11.327324,7.9829407,6.656967,5.757042,5.4082603,6.9926033,7.6219025,5.5406,4.6285305,2.6428013
2.58362,2.5980682,2.5672264,2.6646805,2.837204,3.1927738,3.1306973,2.9596214,2.3308697,1.144474,-0.2802105,-1.828228,-3.0761318,-4.367735,-5.7880135,-6.740589,-7.091463,-7.21294,-7.164776,-7.02981,-7.1767044,-9.191261,-12.834476,-17.434586,-20.199966,-23.317879,-25.78695,-26.316723,-25.800129,-27.201511,-29.648762,-26.740364,-20.78955,-23.49953,-7.9699974,-5.3875866,-6.665798
-0.8955307,-0.8796816,-0.85634613,-1.0105152,-1.2294998,-1.3393822,-1.361866,-1.2734833,-1.5652943,-2.196206,-3.046833,-3.8031664,-4.409363,-4.6452274,-4.6146545,-4.316841,-3.9024582,-3.4860382,-3.2260456,-3.0758438,-3.047285,-2.9838943,-3.045292,-3.4425278,-4.0986633,-4.171715,-3.719345,-3.701954,-5.244705,-9.377548,-16.246426,-9.560493,-1.8223953,-2.3594666,1.6802597,-0.22293663,-1.3401337
0.4227705,0.44229507,0.42277908,0.43190575,0.555109,0.41854858,0.44096565,0.9520378,2.1744423,3.62154,4.7240505,5.3037148,5.7366657,6.2239227,6.594225,6.836952,6.7795296,6.809641,7.1966553,8.1249275,9.421164,10.716982,11.477644,11.641708,11.417524,11.533897,11.463898,10.736439,9.68343,8.855339,6.1646004,1.8768234,3.3258228,5.4474087,6.9277153,7.4851265,-1.1555157
0.8609276,0.8246021,0.8404274,0.88475895,1.2485704,1.6081858,1.9977331,2.6602745,3.6222172,4.9332542,7.018854,9.624273,11.8593025,13.82881,15.275284,16.264847,16.75345,17.072441,17.07942,17.370567,17.840916,18.088516,18.561165,19.376034,20.66961,22.098015,23.351532,26.514072,30.377247,28.639347,28.329193,28.145016,25.510025,22.162148,15.984991,13.909336,10.553787
1.2402925,1.2344093,1.2224007,1.2902737,1.3146839,0.8341522,-0.19742203,-1.6548214,-2.7842274,-3.585352,-3.8312016,-3.633812,-3.1256886,-2.7211494,-2.4872475,-2.4826164,-2.3418312,-2.3377304,-2.376339,-2.7472305,-3.1558533,-3.320774,-3.5418777,-3.8682632,-4.4446945,-5.8911095,-8.100262,-9.373821,-9.218819,-11.879093,-19.417236,-24.017197,-24.215366,-18.719498,-11.616901,-7.4223557,-8.69355
-0.27713108,-0.25124073,-0.31201172,-0.1966629,-0.14046669,-0.05570984,-0.27313805,-1.5468521,-3.5859318,-4.5903378,-3.801609,-2.140461,-0.74882126,0.21311569,0.89138985,1.2125568,0.8752842,0.39435577,-0.22705841,-0.8358841,-1.3533173,-1.7269516,-2.3185196,-2.773037,-2.024723,-0.026794434,1.0366592,0.82053757,2.0623207,4.1381607,3.1071243,0.21088028,2.775856,-4.7124176,-1.5758438,-2.321703,-2.5798416
0.3098755,0.34733963,0.30636406,0.36997032,0.40418816,0.6678791,1.201971,2.2121239,3.5852222,4.5798244,4.793108,4.3280125,3.530157,3.1929703,3.62121,4.37076,4.425766,3.454073,1.539875,0.11632919,-0.86276436,-0.54953,0.29405594,1.9682198,5.0000114,6.8827515,5.4336586,4.3591156,4.99461,6.01268,5.2200623,2.2330399,3.258232,5.146635,-1.6758099,-1.0167351,-1.9274197
2.6527596,2.706665,2.6507854,3.1997013,5.1591606,5.744467,4.7310066,3.5300922,2.919403,3.1281967,3.7957478,4.471531,5.0639534,5.4129868,5.303856,4.948986,3.7436485,2.3728313,1.2181206,1.7423916,3.649929,6.954067,8.861328,8.2861595,5.559952,3.094513,1.9626236,2.4258728,4.030781,5.052616,1.8276596,1.896801,6.588253,-4.32613,4.960766,8.906235,1.7488289
3.1594143,3.1940498,3.1840305,3.5567093,5.08877,6.453203,6.241274,5.0295525,3.908163,3.4944897,3.677805,4.083124,4.6998463,5.458557,6.2397804,6.93573,7.661583,8.710159,10.143051,11.251987,11.802231,10.311108,9.243141,9.25016,9.797375,10.091194,11.365868,12.432133,13.17561,14.224449,14.912788,15.318188,18.028008,12.403654,6.9175396,6.1244583,-1.1859913
-2.1785393,-2.210949,-2.1734009,-2.3498192,-2.7935925,-2.7542439,-2.026043,-1.0135555,0.5436611,2.4909954,4.546953,6.112194,6.857582,7.96521,9.474243,11.450939,13.454294,15.266487,16.62144,17.387691,17.709118,17.59578,17.666203,17.792229,17.713238,16.435867,14.830284,14.089092,14.519463,14.927128,16.193012,20.0251,16.38105,10.658306,9.882494,4.879921,1.8195095
0.8922596,0.8954563,0.900507,0.8824539,0.68273354,0.32387352,-0.27875328,-1.2906437,-1.9964275,-2.34309,-2.5582294,-2.7403316,-2.8505764,-2.69915,-2.4963055,-2.2428112,-2.1336823,-2.1770477,-2.4083595,-2.5348625,-2.747673,-3.031517,-3.5973816,-3.9741287,-3.96706,-4.5658417,-7.4376335,-12.096977,-15.994385,-17.838936,-23.631443,-27.145836,-26.282104,-23.881657,-19.187809,-12.725458,-7.7570133
